SAMPLE	IsTestSet	OBJECT
train	False	obj1
train	False	obj5
train	False	obj7
train	False	obj8
train	False	obj10
train	False	obj11
train	False	obj13
train	False	obj14
train	False	obj15
train	False	obj16
train	False	obj17
train	False	obj18
train	False	obj21
train	False	obj22
train	False	obj23
train	False	obj24
train	False	obj25
train	False	obj26
train	False	obj28
train	False	obj30
train	False	obj31
train	False	obj32
train	False	obj33
train	False	obj34
train	False	obj35
train	False	obj36
train	False	obj37
train	False	obj40
train	False	obj41
train	False	obj43
train	False	obj45
train	False	obj46
train	False	obj47
train	False	obj48
train	False	obj49
train	False	obj50
train	False	obj52
train	False	obj53
train	False	obj54
train	False	obj56
train	False	obj57
train	False	obj60
train	False	obj61
train	False	obj62
train	False	obj63
train	False	obj64
train	False	obj65
train	False	obj66
train	False	obj67
train	False	obj69
train	False	obj70
train	False	obj71
train	False	obj72
train	False	obj73
train	False	obj74
train	False	obj75
train	False	obj80
train	False	obj81
train	False	obj82
train	False	obj84
train	False	obj85
train	False	obj86
train	False	obj89
train	False	obj91
train	False	obj93
train	False	obj95
train	False	obj96
train	False	obj97
train	False	obj98
train	False	obj101
train	False	obj102
train	False	obj103
train	False	obj104
train	False	obj105
train	False	obj106
train	False	obj107
train	False	obj108
train	False	obj109
train	False	obj111
train	False	obj112
train	False	obj113
train	False	obj116
train	False	obj117
train	False	obj118
train	False	obj119
train	False	obj120
train	False	obj121
train	False	obj124
train	False	obj125
train	False	obj127
train	False	obj128
train	False	obj129
train	False	obj130
train	False	obj131
train	False	obj132
train	False	obj134
train	False	obj135
train	False	obj136
train	False	obj138
train	False	obj140
train	False	obj141
train	False	obj142
train	False	obj143
train	False	obj144
train	False	obj145
train	False	obj147
train	False	obj148
train	False	obj150
train	False	obj151
train	False	obj152
train	False	obj153
train	False	obj155
train	False	obj156
train	False	obj158
train	False	obj159
train	False	obj160
train	False	obj163
train	False	obj165
train	False	obj166
train	False	obj167
train	False	obj168
train	False	obj169
train	False	obj171
train	False	obj172
train	False	obj173
train	False	obj174
train	False	obj175
train	False	obj178
train	False	obj179
train	False	obj180
train	False	obj181
train	False	obj182
train	False	obj183
train	False	obj184
train	False	obj186
train	False	obj187
train	False	obj188
train	False	obj189
train	False	obj190
train	False	obj191
train	False	obj192
train	False	obj193
train	False	obj194
train	False	obj195
train	False	obj196
train	False	obj197
train	False	obj200
train	False	obj201
train	False	obj202
train	False	obj204
train	False	obj205
train	False	obj206
train	False	obj207
train	False	obj208
train	False	obj209
train	False	obj210
train	False	obj211
train	False	obj212
train	False	obj213
train	False	obj215
train	False	obj216
train	False	obj217
train	False	obj218
train	False	obj219
train	False	obj220
train	False	obj221
train	False	obj223
train	False	obj224
train	False	obj225
train	False	obj226
train	False	obj227
train	False	obj230
train	False	obj231
train	False	obj235
train	False	obj236
train	False	obj237
train	False	obj238
train	False	obj239
train	False	obj240
train	False	obj241
train	False	obj242
train	False	obj244
train	False	obj245
train	False	obj246
train	False	obj248
train	False	obj249
train	False	obj251
train	False	obj252
train	False	obj253
train	False	obj254
train	False	obj255
train	False	obj256
train	False	obj257
train	False	obj260
train	False	obj262
train	False	obj263
train	False	obj266
train	False	obj267
train	False	obj268
train	False	obj270
train	False	obj272
train	False	obj273
train	False	obj274
train	False	obj275
train	False	obj276
train	False	obj277
train	False	obj278
train	False	obj279
train	False	obj280
train	False	obj281
train	False	obj283
train	False	obj284
train	False	obj285
train	False	obj286
train	False	obj287
train	False	obj288
train	False	obj289
train	False	obj290
train	False	obj291
train	False	obj292
train	False	obj328
train	False	obj329
train	False	obj331
train	False	obj334
train	False	obj335
train	False	obj336
train	False	obj337
train	False	obj338
train	False	obj339
train	False	obj340
train	False	obj342
train	False	obj343
train	False	obj346
train	False	obj347
train	False	obj349
train	False	obj350
train	False	obj352
train	False	obj353
train	False	obj354
train	False	obj355
train	False	obj356
train	False	obj357
train	False	obj358
train	False	obj359
train	False	obj361
train	False	obj363
train	False	obj364
train	False	obj366
train	False	obj368
train	False	obj371
train	False	obj372
train	False	obj375
train	False	obj376
train	False	obj377
train	False	obj378
train	False	obj379
train	False	obj381
train	False	obj384
train	False	obj385
train	False	obj386
train	False	obj387
train	False	obj388
train	False	obj390
train	False	obj392
train	False	obj393
train	False	obj394
train	False	obj395
train	False	obj396
train	False	obj397
train	False	obj398
train	False	obj399
train	False	obj400
train	False	obj401
train	False	obj402
train	False	obj405
train	False	obj406
train	False	obj407
train	False	obj408
train	False	obj410
train	False	obj411
train	False	obj412
train	False	obj413
train	False	obj414
train	False	obj415
train	False	obj416
train	False	obj417
train	False	obj418
train	False	obj419
train	False	obj421
train	False	obj422
train	False	obj423
train	False	obj424
train	False	obj425
train	False	obj426
train	False	obj427
train	False	obj429
train	False	obj430
train	False	obj431
train	False	obj432
train	False	obj433
train	False	obj434
train	False	obj436
train	False	obj437
train	False	obj439
train	False	obj440
train	False	obj442
train	False	obj443
train	False	obj446
train	False	obj447
train	False	obj448
train	False	obj449
train	False	obj451
train	False	obj453
train	False	obj456
train	False	obj457
train	False	obj460
train	False	obj461
train	False	obj462
train	False	obj463
train	False	obj464
train	False	obj467
train	False	obj468
train	False	obj469
train	False	obj470
train	False	obj472
train	False	obj476
train	False	obj477
train	False	obj478
train	False	obj479
train	False	obj482
train	False	obj483
train	False	obj484
train	False	obj485
train	False	obj486
train	False	obj488
train	False	obj489
train	False	obj490
train	False	obj493
train	False	obj494
train	False	obj495
train	False	obj500
train	False	obj501
train	False	obj503
train	False	obj505
train	False	obj506
train	False	obj507
train	False	obj508
train	False	obj509
train	False	obj510
train	False	obj511
train	False	obj512
train	False	obj514
train	False	obj515
train	False	obj516
train	False	obj517
train	False	obj518
train	False	obj519
train	False	obj520
train	False	obj522
train	False	obj523
train	False	obj524
train	False	obj525
train	False	obj526
train	False	obj528
train	False	obj529
train	False	obj530
train	False	obj531
train	False	obj532
train	False	obj536
train	False	obj537
train	False	obj538
train	False	obj539
train	False	obj541
train	False	obj542
train	False	obj543
train	False	obj544
train	False	obj545
train	False	obj547
train	False	obj550
train	False	obj554
train	False	obj557
train	False	obj558
train	False	obj559
train	False	obj561
train	False	obj562
train	False	obj563
train	False	obj568
train	False	obj570
train	False	obj572
train	False	obj573
train	False	obj577
train	False	obj579
train	False	obj582
train	False	obj584
train	False	obj585
train	False	obj586
train	False	obj587
train	False	obj588
train	False	obj589
train	False	obj590
train	False	obj592
train	False	obj593
train	False	obj594
train	False	obj595
train	False	obj596
train	False	obj597
train	False	obj599
train	False	obj600
train	False	obj601
train	False	obj603
train	False	obj604
train	False	obj606
train	False	obj607
train	False	obj612
train	False	obj613
train	False	obj614
train	False	obj615
train	False	obj618
train	False	obj619
train	False	obj620
train	False	obj621
train	False	obj622
train	False	obj623
train	False	obj624
train	False	obj625
train	False	obj626
train	False	obj628
train	False	obj629
train	False	obj630
train	False	obj631
train	False	obj632
train	False	obj633
train	False	obj634
train	False	obj636
train	False	obj637
train	False	obj638
train	False	obj639
train	False	obj640
train	False	obj641
train	False	obj644
train	False	obj645
train	False	obj646
train	False	obj647
train	False	obj650
train	False	obj653
train	False	obj655
train	False	obj656
train	False	obj658
train	False	obj659
train	False	obj660
train	False	obj662
train	False	obj664
train	False	obj666
train	False	obj667
train	False	obj668
train	False	obj669
train	False	obj670
train	False	obj672
train	False	obj674
train	False	obj675
train	False	obj676
train	False	obj678
train	False	obj679
train	False	obj680
train	False	obj681
train	False	obj682
train	False	obj683
train	False	obj684
train	False	obj686
train	False	obj688
train	False	obj690
train	False	obj691
train	False	obj692
train	False	obj693
train	False	obj695
train	False	obj696
train	False	obj697
train	False	obj698
train	False	obj699
train	False	obj702
train	False	obj703
train	False	obj704
train	False	obj705
train	False	obj708
train	False	obj709
train	False	obj710
train	False	obj712
train	False	obj714
train	False	obj715
train	False	obj716
train	False	obj718
train	False	obj719
train	False	obj720
train	False	obj721
train	False	obj723
train	False	obj724
train	False	obj725
train	False	obj726
train	False	obj727
train	False	obj728
train	False	obj729
train	False	obj730
train	False	obj732
train	False	obj733
train	False	obj734
train	False	obj737
train	False	obj738
train	False	obj740
train	False	obj741
train	False	obj742
train	False	obj744
train	False	obj745
train	False	obj746
train	False	obj747
train	False	obj750
train	False	obj751
train	False	obj753
train	False	obj756
train	False	obj757
train	False	obj758
train	False	obj760
train	False	obj761
train	False	obj764
train	False	obj768
train	False	obj769
train	False	obj770
train	False	obj771
train	False	obj774
train	False	obj776
train	False	obj778
train	False	obj780
train	False	obj781
train	False	obj782
train	False	obj783
train	False	obj784
train	False	obj785
train	False	obj787
train	False	obj788
train	False	obj789
train	False	obj790
train	False	obj791
train	False	obj792
train	False	obj793
train	False	obj794
train	False	obj795
train	False	obj797
train	False	obj798
train	False	obj800
train	False	obj801
train	False	obj802
train	False	obj804
train	False	obj805
train	False	obj808
train	False	obj809
train	False	obj814
train	False	obj815
train	False	obj816
train	False	obj817
train	False	obj818
train	False	obj819
train	False	obj820
train	False	obj822
train	False	obj824
train	False	obj825
train	False	obj827
train	False	obj828
train	False	obj829
train	False	obj830
train	False	obj831
train	False	obj832
train	False	obj833
train	False	obj834
train	False	obj835
train	False	obj836
train	False	obj838
train	False	obj840
train	False	obj842
train	False	obj843
train	False	obj845
train	False	obj846
train	False	obj847
train	False	obj848
train	False	obj849
train	False	obj850
train	False	obj851
train	False	obj853
train	False	obj855
train	False	obj856
train	False	obj857
train	False	obj858
train	False	obj860
train	False	obj861
train	False	obj862
train	False	obj864
train	False	obj865
train	False	obj866
train	False	obj867
train	False	obj868
train	False	obj869
train	False	obj870
train	False	obj871
train	False	obj873
train	False	obj875
train	False	obj876
train	False	obj877
train	False	obj880
train	False	obj881
train	False	obj882
train	False	obj883
train	False	obj884
train	False	obj885
train	False	obj886
train	False	obj887
train	False	obj889
train	False	obj892
train	False	obj893
train	False	obj895
train	False	obj896
train	False	obj897
train	False	obj898
train	False	obj899
train	False	obj901
train	False	obj902
train	False	obj905
train	False	obj907
train	False	obj908
train	False	obj909
train	False	obj910
train	False	obj911
train	False	obj912
train	False	obj913
train	False	obj916
train	False	obj918
train	False	obj919
train	False	obj920
train	False	obj921
train	False	obj922
train	False	obj923
train	False	obj924
train	False	obj932
train	False	obj933
train	False	obj935
train	False	obj937
train	False	obj939
train	False	obj940
train	False	obj941
train	False	obj942
train	False	obj943
train	False	obj944
train	False	obj945
train	False	obj946
train	False	obj948
train	False	obj949
train	False	obj950
train	False	obj951
train	False	obj954
train	False	obj955
train	False	obj957
train	False	obj958
train	False	obj959
train	False	obj960
train	False	obj967
train	False	obj968
train	False	obj969
train	False	obj970
train	False	obj971
train	False	obj972
train	False	obj973
train	False	obj974
train	False	obj975
train	False	obj976
train	False	obj977
train	False	obj978
train	False	obj979
train	False	obj982
train	False	obj984
train	False	obj985
train	False	obj986
train	False	obj987
train	False	obj988
train	False	obj989
train	False	obj990
train	False	obj991
train	False	obj992
train	False	obj993
train	False	obj994
train	False	obj995
train	False	obj996
train	False	obj997
train	False	obj998
train	False	obj1000
train	False	obj1003
train	False	obj1004
train	False	obj1005
train	False	obj1010
train	False	obj1011
train	False	obj1014
train	False	obj1016
train	False	obj1018
train	False	obj1019
train	False	obj1020
train	False	obj1025
train	False	obj1026
train	False	obj1027
train	False	obj1028
train	False	obj1032
train	False	obj1033
train	False	obj1038
train	False	obj1039
train	False	obj1040
train	False	obj1042
train	False	obj1043
train	False	obj1046
train	False	obj1048
train	False	obj1049
train	False	obj1050
train	False	obj1051
train	False	obj1052
train	False	obj1054
train	False	obj1055
train	False	obj1056
train	False	obj1057
train	False	obj1058
train	False	obj1059
train	False	obj1060
train	False	obj1061
train	False	obj1062
train	False	obj1064
train	False	obj1065
train	False	obj1067
train	False	obj1069
train	False	obj1071
train	False	obj1072
train	False	obj1073
train	False	obj1074
train	False	obj1075
train	False	obj1076
train	False	obj1078
train	False	obj1079
train	False	obj1080
train	False	obj1081
train	False	obj1082
train	False	obj1083
train	False	obj1084
train	False	obj1085
train	False	obj1087
train	False	obj1091
train	False	obj1093
train	False	obj1094
train	False	obj1096
train	False	obj1097
train	False	obj1099
train	False	obj1101
train	False	obj1102
train	False	obj1104
train	False	obj1106
train	False	obj1108
train	False	obj1109
train	False	obj1110
train	False	obj1111
train	False	obj1112
train	False	obj1116
train	False	obj1118
train	False	obj1120
train	False	obj1121
train	False	obj1122
train	False	obj1123
train	False	obj1127
train	False	obj1128
train	False	obj1132
train	False	obj1135
train	False	obj1136
train	False	obj1138
train	False	obj1141
train	False	obj1143
train	False	obj1144
train	False	obj1145
train	False	obj1146
train	False	obj1147
train	False	obj1149
train	False	obj1150
train	False	obj1152
train	False	obj1153
train	False	obj1154
train	False	obj1155
train	False	obj1156
train	False	obj1158
train	False	obj1159
train	False	obj1161
train	False	obj1162
train	False	obj1163
train	False	obj1164
train	False	obj1165
train	False	obj1168
train	False	obj1169
train	False	obj1170
train	False	obj1171
train	False	obj1172
train	False	obj1173
train	False	obj1174
train	False	obj1175
train	False	obj1177
train	False	obj1178
train	False	obj1179
train	False	obj1180
train	False	obj1181
train	False	obj1182
train	False	obj1183
train	False	obj1184
train	False	obj1185
train	False	obj1187
train	False	obj1188
train	False	obj1189
train	False	obj1190
train	False	obj1191
train	False	obj1192
train	False	obj1193
train	False	obj1194
train	False	obj1197
train	False	obj1199
train	False	obj1200
train	False	obj1202
train	False	obj1203
train	False	obj1204
train	False	obj1205
train	False	obj1206
train	False	obj1207
train	False	obj1210
train	False	obj1212
train	False	obj1214
train	False	obj1216
train	False	obj1218
train	False	obj1219
train	False	obj1220
train	False	obj1221
train	False	obj1222
train	False	obj1224
train	False	obj1226
train	False	obj1227
train	False	obj1228
train	False	obj1230
train	False	obj1232
train	False	obj1233
train	False	obj1234
train	False	obj1235
train	False	obj1236
train	False	obj1237
train	False	obj1238
train	False	obj1240
train	False	obj1241
train	False	obj1242
train	False	obj1243
train	False	obj1244
train	False	obj1246
train	False	obj1247
train	False	obj1249
train	False	obj1253
train	False	obj1255
train	False	obj1257
train	False	obj1258
train	False	obj1261
train	False	obj1262
train	False	obj1263
train	False	obj1266
train	False	obj1270
train	False	obj1272
train	False	obj1273
train	False	obj1275
train	False	obj1277
train	False	obj1278
train	False	obj1279
train	False	obj1280
train	False	obj1281
train	False	obj1282
train	False	obj1283
train	False	obj1284
train	False	obj1285
train	False	obj1287
train	False	obj1288
train	False	obj1292
train	False	obj1295
train	False	obj1296
train	False	obj1297
train	False	obj1298
train	False	obj1299
train	False	obj1300
train	False	obj1301
train	False	obj1303
train	False	obj1304
train	False	obj1305
train	False	obj1306
train	False	obj1307
train	False	obj1308
train	False	obj1310
train	False	obj1311
train	False	obj1312
train	False	obj1313
train	False	obj1314
train	False	obj1315
train	False	obj1317
train	False	obj1320
train	False	obj1322
train	False	obj1323
train	False	obj1325
train	False	obj1326
train	False	obj1327
train	False	obj1329
train	False	obj1330
train	False	obj1333
train	False	obj1334
train	False	obj1336
train	False	obj1337
train	False	obj1338
train	False	obj1340
train	False	obj1341
train	False	obj1342
train	False	obj1343
train	False	obj1347
train	False	obj1348
train	False	obj1350
train	False	obj1351
train	False	obj1353
train	False	obj1354
train	False	obj1355
train	False	obj1356
train	False	obj1357
train	False	obj1358
train	False	obj1359
train	False	obj1361
train	False	obj1362
train	False	obj1363
train	False	obj1364
train	False	obj1366
train	False	obj1367
train	False	obj1369
train	False	obj1370
train	False	obj1371
train	False	obj1372
train	False	obj1374
train	False	obj1376
train	False	obj1377
train	False	obj1379
train	False	obj1380
train	False	obj1381
train	False	obj1382
train	False	obj1383
train	False	obj1384
train	False	obj1386
train	False	obj1387
train	False	obj1388
train	False	obj1389
train	False	obj1390
train	False	obj1391
train	False	obj1392
train	False	obj1395
train	False	obj1396
train	False	obj1397
train	False	obj1402
train	False	obj1405
train	False	obj1406
train	False	obj1407
train	False	obj1408
train	False	obj1409
train	False	obj1410
train	False	obj1412
train	False	obj1413
train	False	obj1415
train	False	obj1416
train	False	obj1417
train	False	obj1418
train	False	obj1419
train	False	obj1421
train	False	obj1422
train	False	obj1424
train	False	obj1425
train	False	obj1427
train	False	obj1428
train	False	obj1429
train	False	obj1430
train	False	obj1431
train	False	obj1432
train	False	obj1433
train	False	obj1434
train	False	obj1436
train	False	obj1438
train	False	obj1439
train	False	obj1440
train	False	obj1443
train	False	obj1445
train	False	obj1446
train	False	obj1447
train	False	obj1450
train	False	obj1451
train	False	obj1452
train	False	obj1453
train	False	obj1454
train	False	obj1455
train	False	obj1456
train	False	obj1457
train	False	obj1458
train	False	obj1459
train	False	obj1460
train	False	obj1462
train	False	obj1465
train	False	obj1466
train	False	obj1467
train	False	obj1473
train	False	obj1475
train	False	obj1476
train	False	obj1478
train	False	obj1479
train	False	obj1480
train	False	obj1481
train	False	obj1482
train	False	obj1484
train	False	obj1487
train	False	obj1488
train	False	obj1489
train	False	obj1490
train	False	obj1491
train	False	obj1492
train	False	obj1493
train	False	obj1495
train	False	obj1496
train	False	obj1498
train	False	obj1499
train	False	obj1500
train	False	obj1501
train	False	obj1502
train	False	obj1503
train	False	obj1504
train	False	obj1505
train	False	obj1506
train	False	obj1507
train	False	obj1508
train	False	obj1509
train	False	obj1510
train	False	obj1511
train	False	obj1513
train	False	obj1514
train	False	obj1515
train	False	obj1516
train	False	obj1517
train	False	obj1519
train	False	obj1520
train	False	obj1521
train	False	obj1522
train	False	obj1523
train	False	obj1525
train	False	obj1526
train	False	obj1527
train	False	obj1528
train	False	obj1529
train	False	obj1530
train	False	obj1531
train	False	obj1532
train	False	obj1533
train	False	obj1534
train	False	obj1535
train	False	obj1536
train	False	obj1537
train	False	obj1538
train	False	obj1539
train	False	obj1540
train	False	obj1542
train	False	obj1543
train	False	obj1545
train	False	obj1548
train	False	obj1549
train	False	obj1550
train	False	obj1551
train	False	obj1552
train	False	obj1553
train	False	obj1554
train	False	obj1556
train	False	obj1558
train	False	obj1559
train	False	obj1560
train	False	obj1562
train	False	obj1563
train	False	obj1565
train	False	obj1567
train	False	obj1568
train	False	obj1569
train	False	obj1571
train	False	obj1572
train	False	obj1573
train	False	obj1576
train	False	obj1579
train	False	obj1582
train	False	obj1583
train	False	obj1584
train	False	obj1585
train	False	obj1586
train	False	obj1587
train	False	obj1588
train	False	obj1589
train	False	obj1590
train	False	obj1591
train	False	obj1593
train	False	obj1594
train	False	obj1595
train	False	obj1596
train	False	obj1597
train	False	obj1598
train	False	obj1600
train	False	obj1601
train	False	obj1604
train	False	obj1605
train	False	obj1608
train	False	obj1609
train	False	obj1610
train	False	obj1612
train	False	obj1613
train	False	obj1614
train	False	obj1615
train	False	obj1616
train	False	obj1617
train	False	obj1618
train	False	obj1619
train	False	obj1620
train	False	obj1621
train	False	obj1622
train	False	obj1623
train	False	obj1624
train	False	obj1625
train	False	obj1626
train	False	obj1627
train	False	obj1628
train	False	obj1629
train	False	obj1630
train	False	obj1632
train	False	obj1634
train	False	obj1635
train	False	obj1636
train	False	obj1637
train	False	obj1638
train	False	obj1639
train	False	obj1643
train	False	obj1644
train	False	obj1647
train	False	obj1649
train	False	obj1650
train	False	obj1651
train	False	obj1652
train	False	obj1653
train	False	obj1654
train	False	obj1657
train	False	obj1658
train	False	obj1659
train	False	obj1660
train	False	obj1661
train	False	obj1662
train	False	obj1663
train	False	obj1664
train	False	obj1665
train	False	obj1666
train	False	obj1667
train	False	obj1668
train	False	obj1671
train	False	obj1672
train	False	obj1674
train	False	obj1675
train	False	obj1677
train	False	obj1679
train	False	obj1680
train	False	obj1681
train	False	obj1682
train	False	obj1685
train	False	obj1687
train	False	obj1688
train	False	obj1690
train	False	obj1694
train	False	obj1695
train	False	obj1696
train	False	obj1697
train	False	obj1698
train	False	obj1699
train	False	obj1702
train	False	obj1703
train	False	obj1704
train	False	obj1707
train	False	obj1708
train	False	obj1709
train	False	obj1710
train	False	obj1712
train	False	obj1714
train	False	obj1716
train	False	obj1717
train	False	obj1719
train	False	obj1720
train	False	obj1721
train	False	obj1723
train	False	obj1724
train	False	obj1725
train	False	obj1726
train	False	obj1728
train	False	obj1730
train	False	obj1731
train	False	obj1732
train	False	obj1733
train	False	obj1734
train	False	obj1737
train	False	obj1739
train	False	obj1740
train	False	obj1741
train	False	obj1742
train	False	obj1743
train	False	obj1746
train	False	obj1747
train	False	obj1749
train	False	obj1750
train	False	obj1751
train	False	obj1755
train	False	obj1756
train	False	obj1757
train	False	obj1759
train	False	obj1761
train	False	obj1762
train	False	obj1763
train	False	obj1764
train	False	obj1765
train	False	obj1766
train	False	obj1767
train	False	obj1768
train	False	obj1769
train	False	obj1770
train	False	obj1774
train	False	obj1775
train	False	obj1776
train	False	obj1777
train	False	obj1778
train	False	obj1779
train	False	obj1780
train	False	obj1782
train	False	obj1783
train	False	obj1784
train	False	obj1785
train	False	obj1786
train	False	obj1787
train	False	obj1791
train	False	obj1793
train	False	obj1797
train	False	obj1798
train	False	obj1799
train	False	obj1800
train	False	obj1802
train	False	obj1803
train	False	obj1804
train	False	obj1805
train	False	obj1806
train	False	obj1807
train	False	obj1808
train	False	obj1810
train	False	obj1814
train	False	obj1817
train	False	obj1818
train	False	obj1820
train	False	obj1823
train	False	obj1824
train	False	obj1826
train	False	obj1827
train	False	obj1829
train	False	obj1830
train	False	obj1832
train	False	obj1834
train	False	obj1836
train	False	obj1838
train	False	obj1840
train	False	obj1841
train	False	obj1842
train	False	obj1843
train	False	obj1846
train	False	obj1847
train	False	obj1848
train	False	obj1849
train	False	obj1850
train	False	obj1854
train	False	obj1855
train	False	obj1856
train	False	obj1857
train	False	obj1860
train	False	obj1861
train	False	obj1862
train	False	obj1863
train	False	obj1864
train	False	obj1865
train	False	obj1866
train	False	obj1867
train	False	obj1868
train	False	obj1870
train	False	obj1872
train	False	obj1873
train	False	obj1875
train	False	obj1876
train	False	obj1877
train	False	obj1878
train	False	obj1880
train	False	obj1881
train	False	obj1882
train	False	obj1884
train	False	obj1886
train	False	obj1887
train	False	obj1890
train	False	obj1891
train	False	obj1892
train	False	obj1893
train	False	obj1896
train	False	obj1897
train	False	obj1898
train	False	obj1900
train	False	obj1901
train	False	obj1902
train	False	obj1903
train	False	obj1904
train	False	obj1905
train	False	obj1906
train	False	obj1907
train	False	obj1908
train	False	obj1909
train	False	obj1911
train	False	obj1914
train	False	obj1915
train	False	obj1916
train	False	obj1917
train	False	obj1918
train	False	obj1919
train	False	obj1920
train	False	obj1921
train	False	obj1922
train	False	obj1923
train	False	obj1924
train	False	obj1925
train	False	obj1926
train	False	obj1927
train	False	obj1928
train	False	obj1931
train	False	obj1933
train	False	obj1934
train	False	obj1935
train	False	obj1936
train	False	obj1937
train	False	obj1938
train	False	obj1939
train	False	obj1940
train	False	obj1941
train	False	obj1942
train	False	obj1943
train	False	obj1944
train	False	obj1945
train	False	obj1947
train	False	obj1950
train	False	obj1951
train	False	obj1952
train	False	obj1955
train	False	obj1956
train	False	obj1958
train	False	obj1959
train	False	obj1960
train	False	obj1961
train	False	obj1963
train	False	obj1964
train	False	obj1965
train	False	obj1968
train	False	obj1969
train	False	obj1970
train	False	obj1971
train	False	obj1973
train	False	obj1974
train	False	obj1976
train	False	obj1978
train	False	obj1979
train	False	obj1981
train	False	obj1982
train	False	obj1983
train	False	obj1984
train	False	obj1985
train	False	obj1986
train	False	obj1991
train	False	obj1995
train	False	obj1996
train	False	obj1997
train	False	obj1998
train	False	obj1999
train	False	obj2000
train	False	obj2003
train	False	obj2005
train	False	obj2006
train	False	obj2007
train	False	obj2008
train	False	obj2010
train	False	obj2011
train	False	obj2012
train	False	obj2013
train	False	obj2014
train	False	obj2015
train	False	obj2016
train	False	obj2017
train	False	obj2019
train	False	obj2021
train	False	obj2022
train	False	obj2023
train	False	obj2026
train	False	obj2027
train	False	obj2029
train	False	obj2030
train	False	obj2031
train	False	obj2032
train	False	obj2033
train	False	obj2034
train	False	obj2038
train	False	obj2039
train	False	obj2040
train	False	obj2043
train	False	obj2044
train	False	obj2045
train	False	obj2047
train	False	obj2048
train	False	obj2051
train	False	obj2052
train	False	obj2053
train	False	obj2054
train	False	obj2055
train	False	obj2056
train	False	obj2057
train	False	obj2058
train	False	obj2061
train	False	obj2062
train	False	obj2063
train	False	obj2065
train	False	obj2066
train	False	obj2068
train	False	obj2069
train	False	obj2070
train	False	obj2071
train	False	obj2072
train	False	obj2073
train	False	obj2075
train	False	obj2077
train	False	obj2078
train	False	obj2080
train	False	obj2081
train	False	obj2084
train	False	obj2086
train	False	obj2087
train	False	obj2088
train	False	obj2091
train	False	obj2093
train	False	obj2094
train	False	obj2095
train	False	obj2096
train	False	obj2097
train	False	obj2099
train	False	obj2100
train	False	obj2101
train	False	obj2102
train	False	obj2104
train	False	obj2105
train	False	obj2106
train	False	obj2107
train	False	obj2108
train	False	obj2111
train	False	obj2114
train	False	obj2115
train	False	obj2116
train	False	obj2117
train	False	obj2118
train	False	obj2120
train	False	obj2121
train	False	obj2122
train	False	obj2123
train	False	obj2124
train	False	obj2125
train	False	obj2127
train	False	obj2128
train	False	obj2129
train	False	obj2130
train	False	obj2132
train	False	obj2134
train	False	obj2138
train	False	obj2139
train	False	obj2140
train	False	obj2141
train	False	obj2143
train	False	obj2144
train	False	obj2145
train	False	obj2147
train	False	obj2148
train	False	obj2149
train	False	obj2151
train	False	obj2152
train	False	obj2155
train	False	obj2156
train	False	obj2157
train	False	obj2158
train	False	obj2159
train	False	obj2160
train	False	obj2161
train	False	obj2162
train	False	obj2163
train	False	obj2164
train	False	obj2165
train	False	obj2166
train	False	obj2167
train	False	obj2168
train	False	obj2170
train	False	obj2173
train	False	obj2174
train	False	obj2177
train	False	obj2178
train	False	obj2179
train	False	obj2181
train	False	obj2182
train	False	obj2183
train	False	obj2184
train	False	obj2191
train	False	obj2192
train	False	obj2194
train	False	obj2195
train	False	obj2196
train	False	obj2197
train	False	obj2198
train	False	obj2199
train	False	obj2200
train	False	obj2201
train	False	obj2202
train	False	obj2203
train	False	obj2204
train	False	obj2205
train	False	obj2207
train	False	obj2211
train	False	obj2215
train	False	obj2217
train	False	obj2219
train	False	obj2222
train	False	obj2223
train	False	obj2227
train	False	obj2228
train	False	obj2230
train	False	obj2231
train	False	obj2234
train	False	obj2235
train	False	obj2237
train	False	obj2238
train	False	obj2239
train	False	obj2241
train	False	obj2242
train	False	obj2243
train	False	obj2245
train	False	obj2247
train	False	obj2249
train	False	obj2250
train	False	obj2252
train	False	obj2253
train	False	obj2255
train	False	obj2256
train	False	obj2257
train	False	obj2259
train	False	obj2260
train	False	obj2262
train	False	obj2264
train	False	obj2265
train	False	obj2266
train	False	obj2267
train	False	obj2269
train	False	obj2271
train	False	obj2272
train	False	obj2273
train	False	obj2274
train	False	obj2275
train	False	obj2276
train	False	obj2277
train	False	obj2278
train	False	obj2279
train	False	obj2282
train	False	obj2285
train	False	obj2286
train	False	obj2289
train	False	obj2290
train	False	obj2291
train	False	obj2292
train	False	obj2295
train	False	obj2296
train	False	obj2297
train	False	obj2298
train	False	obj2299
train	False	obj2302
train	False	obj2305
train	False	obj2307
train	False	obj2309
train	False	obj2311
train	False	obj2312
train	False	obj2314
train	False	obj2315
train	False	obj2317
train	False	obj2318
train	False	obj2319
train	False	obj2320
train	False	obj2321
train	False	obj2323
train	False	obj2325
train	False	obj2326
train	False	obj2327
train	False	obj2329
train	False	obj2330
train	False	obj2331
train	False	obj2332
train	False	obj2333
train	False	obj2336
train	False	obj2337
train	False	obj2338
train	False	obj2340
train	False	obj2341
train	False	obj2343
train	False	obj2344
train	False	obj2346
train	False	obj2347
train	False	obj2350
train	False	obj2351
train	False	obj2352
train	False	obj2354
train	False	obj2355
train	False	obj2356
train	False	obj2357
train	False	obj2361
train	False	obj2362
train	False	obj2364
train	False	obj2365
train	False	obj2366
train	False	obj2368
train	False	obj2371
train	False	obj2372
train	False	obj2373
train	False	obj2374
train	False	obj2375
train	False	obj2377
train	False	obj2380
train	False	obj2381
train	False	obj2382
train	False	obj2383
train	False	obj2385
train	False	obj2386
train	False	obj2388
train	False	obj2389
train	False	obj2390
train	False	obj2391
train	False	obj2393
train	False	obj2396
train	False	obj2397
train	False	obj2398
train	False	obj2399
train	False	obj2401
train	False	obj2402
train	False	obj2403
train	False	obj2404
train	False	obj2407
train	False	obj2409
train	False	obj2411
train	False	obj2412
train	False	obj2414
train	False	obj2415
train	False	obj2416
train	False	obj2417
train	False	obj2418
train	False	obj2419
train	False	obj2421
train	False	obj2422
train	False	obj2423
train	False	obj2424
train	False	obj2425
train	False	obj2426
train	False	obj2427
train	False	obj2428
train	False	obj2429
train	False	obj2430
train	False	obj2431
train	False	obj2434
train	False	obj2435
train	False	obj2436
train	False	obj2437
train	False	obj2439
train	False	obj2441
train	False	obj2442
train	False	obj2443
train	False	obj2444
train	False	obj2445
train	False	obj2446
train	False	obj2449
train	False	obj2451
train	False	obj2452
train	False	obj2453
train	False	obj2454
train	False	obj2455
train	False	obj2457
train	False	obj2458
train	False	obj2459
train	False	obj2461
train	False	obj2464
train	False	obj2465
train	False	obj2467
train	False	obj2468
train	False	obj2470
train	False	obj2471
train	False	obj2475
train	False	obj2476
train	False	obj2477
train	False	obj2478
train	False	obj2479
train	False	obj2480
train	False	obj2481
train	False	obj2483
train	False	obj2484
train	False	obj2485
train	False	obj2486
train	False	obj2487
train	False	obj2489
train	False	obj2490
train	False	obj2491
train	False	obj2492
train	False	obj2494
train	False	obj2495
train	False	obj2496
train	False	obj2498
train	False	obj2499
train	False	obj2500
train	False	obj2502
train	False	obj2503
train	False	obj2504
train	False	obj2505
train	False	obj2506
train	False	obj2507
train	False	obj2508
train	False	obj2510
train	False	obj2511
train	False	obj2512
train	False	obj2513
train	False	obj2514
train	False	obj2515
train	False	obj2516
train	False	obj2517
train	False	obj2519
train	False	obj2520
train	False	obj2521
train	False	obj2524
train	False	obj2526
train	False	obj2527
train	False	obj2529
train	False	obj2530
train	False	obj2531
train	False	obj2532
train	False	obj2533
train	False	obj2534
train	False	obj2536
train	False	obj2537
train	False	obj2538
train	False	obj2539
train	False	obj2542
train	False	obj2544
train	False	obj2545
train	False	obj2546
train	False	obj2547
train	False	obj2548
train	False	obj2549
train	False	obj2550
train	False	obj2551
train	False	obj2552
train	False	obj2554
train	False	obj2557
train	False	obj2559
train	False	obj2560
train	False	obj2563
train	False	obj2565
train	False	obj2566
train	False	obj2567
train	False	obj2568
train	False	obj2569
train	False	obj2571
train	False	obj2572
train	False	obj2574
train	False	obj2575
train	False	obj2576
train	False	obj2577
train	False	obj2580
train	False	obj2581
train	False	obj2584
train	False	obj2585
train	False	obj2586
train	False	obj2588
train	False	obj2589
train	False	obj2591
train	False	obj2592
train	False	obj2593
train	False	obj2594
train	False	obj2595
train	False	obj2596
train	False	obj2597
train	False	obj2598
train	False	obj2599
train	False	obj2601
train	False	obj2602
train	False	obj2605
train	False	obj2606
train	False	obj2607
train	False	obj2608
train	False	obj2609
train	False	obj2610
train	False	obj2614
train	False	obj2615
train	False	obj2616
train	False	obj2617
train	False	obj2619
train	False	obj2622
train	False	obj2623
train	False	obj2624
train	False	obj2625
train	False	obj2626
train	False	obj2627
train	False	obj2628
train	False	obj2630
train	False	obj2631
train	False	obj2633
train	False	obj2635
train	False	obj2638
train	False	obj2639
train	False	obj2640
train	False	obj2641
train	False	obj2642
train	False	obj2643
train	False	obj2645
train	False	obj2646
train	False	obj2648
train	False	obj2649
train	False	obj2650
train	False	obj2652
train	False	obj2653
train	False	obj2655
train	False	obj2657
train	False	obj2658
train	False	obj2659
train	False	obj2661
train	False	obj2662
train	False	obj2663
train	False	obj2664
train	False	obj2665
train	False	obj2666
train	False	obj2668
train	False	obj2669
train	False	obj2671
train	False	obj2672
train	False	obj2673
train	False	obj2674
train	False	obj2676
train	False	obj2678
train	False	obj2680
train	False	obj2681
train	False	obj2682
train	False	obj2683
train	False	obj2685
train	False	obj2687
train	False	obj2690
train	False	obj2693
train	False	obj2694
train	False	obj2695
train	False	obj2696
train	False	obj2697
train	False	obj2698
train	False	obj2699
train	False	obj2700
train	False	obj2704
train	False	obj2707
train	False	obj2709
train	False	obj2710
train	False	obj2711
train	False	obj2713
train	False	obj2714
train	False	obj2715
train	False	obj2720
train	False	obj2721
train	False	obj2723
train	False	obj2724
train	False	obj2726
train	False	obj2727
train	False	obj2729
train	False	obj2730
train	False	obj2731
train	False	obj2733
train	False	obj2734
train	False	obj2735
train	False	obj2736
train	False	obj2738
train	False	obj2740
train	False	obj2741
train	False	obj2742
train	False	obj2743
train	False	obj2744
train	False	obj2745
train	False	obj2747
train	False	obj2750
train	False	obj2751
train	False	obj2752
train	False	obj2753
train	False	obj2754
train	False	obj2757
train	False	obj2760
train	False	obj2762
train	False	obj2763
train	False	obj2764
train	False	obj2765
train	False	obj2766
train	False	obj2767
train	False	obj2769
train	False	obj2770
train	False	obj2771
train	False	obj2774
train	False	obj2775
train	False	obj2776
train	False	obj2777
train	False	obj2778
train	False	obj2779
train	False	obj2780
train	False	obj2781
train	False	obj2782
train	False	obj2783
train	False	obj2784
train	False	obj2785
train	False	obj2786
train	False	obj2787
train	False	obj2789
train	False	obj2790
train	False	obj2791
train	False	obj2793
train	False	obj2794
train	False	obj2796
train	False	obj2798
train	False	obj2799
train	False	obj2801
train	False	obj2803
train	False	obj2804
train	False	obj2806
train	False	obj2807
train	False	obj2808
train	False	obj2809
train	False	obj2812
train	False	obj2817
train	False	obj2818
train	False	obj2821
train	False	obj2822
train	False	obj2823
train	False	obj2824
train	False	obj2825
train	False	obj2827
train	False	obj2828
train	False	obj2829
train	False	obj2831
train	False	obj2832
train	False	obj2833
train	False	obj2834
train	False	obj2835
train	False	obj2836
train	False	obj2837
train	False	obj2838
train	False	obj2839
train	False	obj2840
train	False	obj2841
train	False	obj2843
train	False	obj2846
train	False	obj2847
train	False	obj2848
train	False	obj2849
train	False	obj2851
train	False	obj2852
train	False	obj2853
train	False	obj2854
train	False	obj2855
train	False	obj2856
train	False	obj2857
train	False	obj2858
train	False	obj2860
train	False	obj2861
train	False	obj2862
train	False	obj2864
train	False	obj2866
train	False	obj2867
train	False	obj2868
train	False	obj2869
train	False	obj2870
train	False	obj2873
train	False	obj2875
train	False	obj2878
train	False	obj2879
train	False	obj2880
train	False	obj2882
train	False	obj2883
train	False	obj2885
train	False	obj2886
train	False	obj2887
train	False	obj2888
train	False	obj2891
train	False	obj2892
train	False	obj2893
train	False	obj2894
train	False	obj2895
train	False	obj2896
train	False	obj2897
train	False	obj2898
train	False	obj2899
train	False	obj2901
train	False	obj2903
train	False	obj2906
train	False	obj2907
train	False	obj2908
train	False	obj2909
train	False	obj2912
train	False	obj2916
train	False	obj2918
train	False	obj2919
train	False	obj2920
train	False	obj2921
train	False	obj2922
train	False	obj2923
train	False	obj2924
train	False	obj2925
train	False	obj2926
train	False	obj2927
train	False	obj2928
train	False	obj2929
train	False	obj2930
train	False	obj2931
train	False	obj2932
train	False	obj2934
train	False	obj2935
train	False	obj2937
train	False	obj2938
train	False	obj2939
train	False	obj2940
train	False	obj2941
train	False	obj2942
train	False	obj2943
train	False	obj2944
train	False	obj2947
train	False	obj2948
train	False	obj2949
train	False	obj2950
valid	True	obj9
valid	True	obj19
valid	True	obj20
valid	True	obj29
valid	True	obj38
valid	True	obj42
valid	True	obj51
valid	True	obj55
valid	True	obj58
valid	True	obj59
valid	True	obj77
valid	True	obj78
valid	True	obj83
valid	True	obj87
valid	True	obj88
valid	True	obj92
valid	True	obj100
valid	True	obj110
valid	True	obj114
valid	True	obj115
valid	True	obj123
valid	True	obj126
valid	True	obj146
valid	True	obj154
valid	True	obj162
valid	True	obj164
valid	True	obj170
valid	True	obj176
valid	True	obj177
valid	True	obj198
valid	True	obj199
valid	True	obj203
valid	True	obj222
valid	True	obj233
valid	True	obj234
valid	True	obj243
valid	True	obj250
valid	True	obj258
valid	True	obj259
valid	True	obj261
valid	True	obj265
valid	True	obj269
valid	True	obj324
valid	True	obj325
valid	True	obj326
valid	True	obj341
valid	True	obj344
valid	True	obj351
valid	True	obj360
valid	True	obj369
valid	True	obj373
valid	True	obj383
valid	True	obj391
valid	True	obj403
valid	True	obj420
valid	True	obj428
valid	True	obj438
valid	True	obj444
valid	True	obj445
valid	True	obj452
valid	True	obj455
valid	True	obj459
valid	True	obj471
valid	True	obj473
valid	True	obj475
valid	True	obj481
valid	True	obj492
valid	True	obj496
valid	True	obj498
valid	True	obj533
valid	True	obj535
valid	True	obj546
valid	True	obj549
valid	True	obj553
valid	True	obj555
valid	True	obj564
valid	True	obj565
valid	True	obj567
valid	True	obj569
valid	True	obj571
valid	True	obj576
valid	True	obj578
valid	True	obj581
valid	True	obj591
valid	True	obj605
valid	True	obj609
valid	True	obj610
valid	True	obj611
valid	True	obj616
valid	True	obj617
valid	True	obj635
valid	True	obj643
valid	True	obj648
valid	True	obj649
valid	True	obj654
valid	True	obj661
valid	True	obj663
valid	True	obj673
valid	True	obj685
valid	True	obj687
valid	True	obj689
valid	True	obj701
valid	True	obj706
valid	True	obj707
valid	True	obj711
valid	True	obj717
valid	True	obj722
valid	True	obj739
valid	True	obj749
valid	True	obj752
valid	True	obj754
valid	True	obj755
valid	True	obj762
valid	True	obj766
valid	True	obj773
valid	True	obj777
valid	True	obj779
valid	True	obj786
valid	True	obj799
valid	True	obj807
valid	True	obj810
valid	True	obj823
valid	True	obj844
valid	True	obj852
valid	True	obj854
valid	True	obj874
valid	True	obj878
valid	True	obj888
valid	True	obj890
valid	True	obj891
valid	True	obj900
valid	True	obj906
valid	True	obj915
valid	True	obj917
valid	True	obj925
valid	True	obj927
valid	True	obj930
valid	True	obj934
valid	True	obj936
valid	True	obj952
valid	True	obj956
valid	True	obj964
valid	True	obj965
valid	True	obj966
valid	True	obj980
valid	True	obj981
valid	True	obj983
valid	True	obj1001
valid	True	obj1002
valid	True	obj1006
valid	True	obj1012
valid	True	obj1017
valid	True	obj1021
valid	True	obj1023
valid	True	obj1024
valid	True	obj1035
valid	True	obj1036
valid	True	obj1041
valid	True	obj1047
valid	True	obj1053
valid	True	obj1066
valid	True	obj1068
valid	True	obj1070
valid	True	obj1095
valid	True	obj1098
valid	True	obj1103
valid	True	obj1105
valid	True	obj1114
valid	True	obj1115
valid	True	obj1117
valid	True	obj1125
valid	True	obj1126
valid	True	obj1130
valid	True	obj1133
valid	True	obj1142
valid	True	obj1157
valid	True	obj1160
valid	True	obj1176
valid	True	obj1195
valid	True	obj1198
valid	True	obj1215
valid	True	obj1225
valid	True	obj1231
valid	True	obj1245
valid	True	obj1248
valid	True	obj1250
valid	True	obj1254
valid	True	obj1260
valid	True	obj1264
valid	True	obj1265
valid	True	obj1269
valid	True	obj1289
valid	True	obj1291
valid	True	obj1293
valid	True	obj1309
valid	True	obj1316
valid	True	obj1319
valid	True	obj1328
valid	True	obj1331
valid	True	obj1332
valid	True	obj1335
valid	True	obj1339
valid	True	obj1346
valid	True	obj1349
valid	True	obj1352
valid	True	obj1360
valid	True	obj1365
valid	True	obj1368
valid	True	obj1378
valid	True	obj1394
valid	True	obj1400
valid	True	obj1404
valid	True	obj1411
valid	True	obj1420
valid	True	obj1426
valid	True	obj1437
valid	True	obj1444
valid	True	obj1448
valid	True	obj1463
valid	True	obj1464
valid	True	obj1468
valid	True	obj1469
valid	True	obj1470
valid	True	obj1483
valid	True	obj1485
valid	True	obj1494
valid	True	obj1524
valid	True	obj1566
valid	True	obj1575
valid	True	obj1578
valid	True	obj1592
valid	True	obj1599
valid	True	obj1602
valid	True	obj1631
valid	True	obj1633
valid	True	obj1645
valid	True	obj1646
valid	True	obj1648
valid	True	obj1655
valid	True	obj1656
valid	True	obj1669
valid	True	obj1670
valid	True	obj1673
valid	True	obj1678
valid	True	obj1684
valid	True	obj1686
valid	True	obj1691
valid	True	obj1700
valid	True	obj1701
valid	True	obj1705
valid	True	obj1706
valid	True	obj1715
valid	True	obj1722
valid	True	obj1727
valid	True	obj1744
valid	True	obj1745
valid	True	obj1748
valid	True	obj1754
valid	True	obj1758
valid	True	obj1760
valid	True	obj1771
valid	True	obj1790
valid	True	obj1812
valid	True	obj1813
valid	True	obj1816
valid	True	obj1819
valid	True	obj1833
valid	True	obj1837
valid	True	obj1844
valid	True	obj1858
valid	True	obj1869
valid	True	obj1879
valid	True	obj1885
valid	True	obj1888
valid	True	obj1889
valid	True	obj1894
valid	True	obj1895
valid	True	obj1899
valid	True	obj1910
valid	True	obj1913
valid	True	obj1929
valid	True	obj1932
valid	True	obj1948
valid	True	obj1953
valid	True	obj1954
valid	True	obj1966
valid	True	obj1975
valid	True	obj1977
valid	True	obj1990
valid	True	obj1992
valid	True	obj1994
valid	True	obj2018
valid	True	obj2025
valid	True	obj2035
valid	True	obj2036
valid	True	obj2041
valid	True	obj2042
valid	True	obj2049
valid	True	obj2050
valid	True	obj2059
valid	True	obj2060
valid	True	obj2067
valid	True	obj2074
valid	True	obj2083
valid	True	obj2090
valid	True	obj2103
valid	True	obj2133
valid	True	obj2135
valid	True	obj2137
valid	True	obj2142
valid	True	obj2146
valid	True	obj2169
valid	True	obj2172
valid	True	obj2175
valid	True	obj2176
valid	True	obj2180
valid	True	obj2185
valid	True	obj2187
valid	True	obj2190
valid	True	obj2208
valid	True	obj2212
valid	True	obj2213
valid	True	obj2214
valid	True	obj2216
valid	True	obj2220
valid	True	obj2224
valid	True	obj2226
valid	True	obj2229
valid	True	obj2233
valid	True	obj2240
valid	True	obj2244
valid	True	obj2248
valid	True	obj2251
valid	True	obj2261
valid	True	obj2263
valid	True	obj2268
valid	True	obj2270
valid	True	obj2283
valid	True	obj2284
valid	True	obj2293
valid	True	obj2300
valid	True	obj2301
valid	True	obj2303
valid	True	obj2306
valid	True	obj2310
valid	True	obj2322
valid	True	obj2328
valid	True	obj2335
valid	True	obj2345
valid	True	obj2353
valid	True	obj2358
valid	True	obj2363
valid	True	obj2370
valid	True	obj2376
valid	True	obj2378
valid	True	obj2384
valid	True	obj2387
valid	True	obj2392
valid	True	obj2394
valid	True	obj2406
valid	True	obj2410
valid	True	obj2432
valid	True	obj2438
valid	True	obj2447
valid	True	obj2448
valid	True	obj2460
valid	True	obj2469
valid	True	obj2472
valid	True	obj2474
valid	True	obj2501
valid	True	obj2523
valid	True	obj2525
valid	True	obj2528
valid	True	obj2535
valid	True	obj2540
valid	True	obj2555
valid	True	obj2556
valid	True	obj2558
valid	True	obj2561
valid	True	obj2570
valid	True	obj2573
valid	True	obj2579
valid	True	obj2582
valid	True	obj2587
valid	True	obj2590
valid	True	obj2604
valid	True	obj2620
valid	True	obj2644
valid	True	obj2647
valid	True	obj2651
valid	True	obj2667
valid	True	obj2675
valid	True	obj2677
valid	True	obj2684
valid	True	obj2686
valid	True	obj2688
valid	True	obj2689
valid	True	obj2691
valid	True	obj2701
valid	True	obj2703
valid	True	obj2708
valid	True	obj2718
valid	True	obj2719
valid	True	obj2725
valid	True	obj2728
valid	True	obj2737
valid	True	obj2746
valid	True	obj2748
valid	True	obj2755
valid	True	obj2758
valid	True	obj2761
valid	True	obj2768
valid	True	obj2773
valid	True	obj2788
valid	True	obj2797
valid	True	obj2800
valid	True	obj2802
valid	True	obj2805
valid	True	obj2810
valid	True	obj2813
valid	True	obj2814
valid	True	obj2820
valid	True	obj2830
valid	True	obj2845
valid	True	obj2850
valid	True	obj2859
valid	True	obj2863
valid	True	obj2865
valid	True	obj2871
valid	True	obj2872
valid	True	obj2889
valid	True	obj2890
valid	True	obj2904
valid	True	obj2910
valid	True	obj2911
valid	True	obj2914
valid	True	obj2915
valid	True	obj2946
valid	True	obj295
valid	True	obj297
valid	True	obj300
valid	True	obj303
valid	True	obj304
valid	True	obj305
valid	True	obj306
valid	True	obj308
valid	True	obj313
valid	True	obj314
valid	True	obj315
valid	True	obj317
valid	True	obj319
valid	True	obj2962
valid	True	obj2967
valid	True	obj2970
valid	True	obj2972
valid	True	obj2977
valid	True	obj2978
valid	True	obj2979
valid	True	obj2981
valid	True	obj2982
valid	True	obj2983
valid	True	obj2984
valid	True	obj2986
valid	True	obj2987
valid	True	obj2993
valid	True	obj2994
valid	True	obj2995
valid	True	obj2996
valid	True	obj3000
valid	True	obj3001
valid	True	obj3003
valid	True	obj3006
valid	True	obj3009
valid	True	obj3012
valid	True	obj3013
valid	True	obj3014
valid	True	obj3020
valid	True	obj3024
valid	True	obj3025
valid	True	obj3027
valid	True	obj3030
valid	True	obj3031
valid	True	obj3034
valid	True	obj3035
valid	True	obj3037
valid	True	obj3038
valid	True	obj3039
valid	True	obj3043
valid	True	obj3044
valid	True	obj3045
valid	True	obj3046
valid	True	obj3047
valid	True	obj3050
valid	True	obj3053
valid	True	obj3056
valid	True	obj3057
valid	True	obj3059
valid	True	obj3063
valid	True	obj3064
valid	True	obj3065
valid	True	obj3066
valid	True	obj3067
valid	True	obj3070
valid	True	obj3071
valid	True	obj3072
valid	True	obj3075
valid	True	obj3076
valid	True	obj3078
valid	True	obj3079
valid	True	obj3080
valid	True	obj3082
valid	True	obj3083
valid	True	obj3084
valid	True	obj3086
valid	True	obj3089
valid	True	obj3091
valid	True	obj3093
valid	True	obj3094
valid	True	obj3095
valid	True	obj3100
valid	True	obj3102
valid	True	obj3105
valid	True	obj3107
valid	True	obj3109
valid	True	obj3110
valid	True	obj3116
valid	True	obj3117
valid	True	obj3119
valid	True	obj3120
valid	True	obj3121
valid	True	obj3124
valid	True	obj3126
valid	True	obj3127
valid	True	obj3128
valid	True	obj3131
valid	True	obj3132
valid	True	obj3133
valid	True	obj3136
valid	True	obj3139
valid	True	obj3140
valid	True	obj3141
valid	True	obj3142
valid	True	obj3143
valid	True	obj3144
valid	True	obj3145
valid	True	obj3146
valid	True	obj3148
valid	True	obj3149
valid	True	obj3150
valid	True	obj3154
valid	True	obj3155
valid	True	obj3157
valid	True	obj3159
valid	True	obj3160
valid	True	obj3164
valid	True	obj3167
valid	True	obj3171
valid	True	obj3172
valid	True	obj3174
valid	True	obj3176
valid	True	obj3177
valid	True	obj3178
valid	True	obj3179
valid	True	obj3181
valid	True	obj3182
valid	True	obj3184
valid	True	obj3185
valid	True	obj3186
valid	True	obj3187
valid	True	obj3188
valid	True	obj3189
valid	True	obj3192
valid	True	obj3194
valid	True	obj3195
valid	True	obj3197
valid	True	obj3199
valid	True	obj3201
valid	True	obj3202
valid	True	obj3203
valid	True	obj3204
valid	True	obj3205
valid	True	obj3208
valid	True	obj3209
valid	True	obj3210
valid	True	obj3211
valid	True	obj3212
valid	True	obj3214
valid	True	obj3223
valid	True	obj3225
valid	True	obj3226
valid	True	obj3228
valid	True	obj3229
valid	True	obj3231
valid	True	obj3232
valid	True	obj3233
test	True	obj2
test	True	obj3
test	True	obj4
test	True	obj6
test	True	obj12
test	True	obj27
test	True	obj39
test	True	obj44
test	True	obj68
test	True	obj76
test	True	obj79
test	True	obj90
test	True	obj94
test	True	obj99
test	True	obj122
test	True	obj133
test	True	obj137
test	True	obj139
test	True	obj149
test	True	obj157
test	True	obj161
test	True	obj185
test	True	obj214
test	True	obj228
test	True	obj229
test	True	obj232
test	True	obj247
test	True	obj264
test	True	obj271
test	True	obj282
test	True	obj327
test	True	obj330
test	True	obj332
test	True	obj333
test	True	obj345
test	True	obj348
test	True	obj362
test	True	obj365
test	True	obj367
test	True	obj370
test	True	obj374
test	True	obj380
test	True	obj382
test	True	obj389
test	True	obj404
test	True	obj409
test	True	obj435
test	True	obj441
test	True	obj450
test	True	obj454
test	True	obj458
test	True	obj465
test	True	obj466
test	True	obj474
test	True	obj480
test	True	obj487
test	True	obj491
test	True	obj497
test	True	obj499
test	True	obj502
test	True	obj504
test	True	obj513
test	True	obj521
test	True	obj527
test	True	obj534
test	True	obj540
test	True	obj548
test	True	obj551
test	True	obj552
test	True	obj556
test	True	obj560
test	True	obj566
test	True	obj574
test	True	obj575
test	True	obj580
test	True	obj583
test	True	obj598
test	True	obj602
test	True	obj608
test	True	obj627
test	True	obj642
test	True	obj651
test	True	obj652
test	True	obj657
test	True	obj665
test	True	obj671
test	True	obj677
test	True	obj694
test	True	obj700
test	True	obj713
test	True	obj731
test	True	obj735
test	True	obj736
test	True	obj743
test	True	obj748
test	True	obj759
test	True	obj763
test	True	obj765
test	True	obj767
test	True	obj772
test	True	obj775
test	True	obj796
test	True	obj803
test	True	obj806
test	True	obj811
test	True	obj812
test	True	obj813
test	True	obj821
test	True	obj826
test	True	obj837
test	True	obj839
test	True	obj841
test	True	obj859
test	True	obj863
test	True	obj872
test	True	obj879
test	True	obj894
test	True	obj903
test	True	obj904
test	True	obj914
test	True	obj926
test	True	obj928
test	True	obj929
test	True	obj931
test	True	obj938
test	True	obj947
test	True	obj953
test	True	obj961
test	True	obj962
test	True	obj963
test	True	obj999
test	True	obj1007
test	True	obj1008
test	True	obj1009
test	True	obj1013
test	True	obj1015
test	True	obj1022
test	True	obj1029
test	True	obj1030
test	True	obj1031
test	True	obj1034
test	True	obj1037
test	True	obj1044
test	True	obj1045
test	True	obj1063
test	True	obj1077
test	True	obj1086
test	True	obj1088
test	True	obj1089
test	True	obj1090
test	True	obj1092
test	True	obj1100
test	True	obj1107
test	True	obj1113
test	True	obj1119
test	True	obj1124
test	True	obj1129
test	True	obj1131
test	True	obj1134
test	True	obj1137
test	True	obj1139
test	True	obj1140
test	True	obj1148
test	True	obj1151
test	True	obj1166
test	True	obj1167
test	True	obj1186
test	True	obj1196
test	True	obj1201
test	True	obj1208
test	True	obj1209
test	True	obj1211
test	True	obj1213
test	True	obj1217
test	True	obj1223
test	True	obj1229
test	True	obj1239
test	True	obj1251
test	True	obj1252
test	True	obj1256
test	True	obj1259
test	True	obj1267
test	True	obj1268
test	True	obj1271
test	True	obj1274
test	True	obj1276
test	True	obj1286
test	True	obj1290
test	True	obj1294
test	True	obj1302
test	True	obj1318
test	True	obj1321
test	True	obj1324
test	True	obj1344
test	True	obj1345
test	True	obj1373
test	True	obj1375
test	True	obj1385
test	True	obj1393
test	True	obj1398
test	True	obj1399
test	True	obj1401
test	True	obj1403
test	True	obj1414
test	True	obj1423
test	True	obj1435
test	True	obj1441
test	True	obj1442
test	True	obj1449
test	True	obj1461
test	True	obj1471
test	True	obj1472
test	True	obj1474
test	True	obj1477
test	True	obj1486
test	True	obj1497
test	True	obj1512
test	True	obj1518
test	True	obj1541
test	True	obj1544
test	True	obj1546
test	True	obj1547
test	True	obj1555
test	True	obj1557
test	True	obj1561
test	True	obj1564
test	True	obj1570
test	True	obj1574
test	True	obj1577
test	True	obj1580
test	True	obj1581
test	True	obj1603
test	True	obj1606
test	True	obj1607
test	True	obj1611
test	True	obj1640
test	True	obj1641
test	True	obj1642
test	True	obj1676
test	True	obj1683
test	True	obj1689
test	True	obj1692
test	True	obj1693
test	True	obj1711
test	True	obj1713
test	True	obj1718
test	True	obj1729
test	True	obj1735
test	True	obj1736
test	True	obj1738
test	True	obj1752
test	True	obj1753
test	True	obj1772
test	True	obj1773
test	True	obj1781
test	True	obj1788
test	True	obj1789
test	True	obj1792
test	True	obj1794
test	True	obj1795
test	True	obj1796
test	True	obj1801
test	True	obj1809
test	True	obj1811
test	True	obj1815
test	True	obj1821
test	True	obj1822
test	True	obj1825
test	True	obj1828
test	True	obj1831
test	True	obj1835
test	True	obj1839
test	True	obj1845
test	True	obj1851
test	True	obj1852
test	True	obj1853
test	True	obj1859
test	True	obj1871
test	True	obj1874
test	True	obj1883
test	True	obj1912
test	True	obj1930
test	True	obj1946
test	True	obj1949
test	True	obj1957
test	True	obj1962
test	True	obj1967
test	True	obj1972
test	True	obj1980
test	True	obj1987
test	True	obj1988
test	True	obj1989
test	True	obj1993
test	True	obj2001
test	True	obj2002
test	True	obj2004
test	True	obj2009
test	True	obj2020
test	True	obj2024
test	True	obj2028
test	True	obj2037
test	True	obj2046
test	True	obj2064
test	True	obj2076
test	True	obj2079
test	True	obj2082
test	True	obj2085
test	True	obj2089
test	True	obj2092
test	True	obj2098
test	True	obj2109
test	True	obj2110
test	True	obj2112
test	True	obj2113
test	True	obj2119
test	True	obj2126
test	True	obj2131
test	True	obj2136
test	True	obj2150
test	True	obj2153
test	True	obj2154
test	True	obj2171
test	True	obj2186
test	True	obj2188
test	True	obj2189
test	True	obj2193
test	True	obj2206
test	True	obj2209
test	True	obj2210
test	True	obj2218
test	True	obj2221
test	True	obj2225
test	True	obj2232
test	True	obj2236
test	True	obj2246
test	True	obj2254
test	True	obj2258
test	True	obj2280
test	True	obj2281
test	True	obj2287
test	True	obj2288
test	True	obj2294
test	True	obj2304
test	True	obj2308
test	True	obj2313
test	True	obj2316
test	True	obj2324
test	True	obj2334
test	True	obj2339
test	True	obj2342
test	True	obj2348
test	True	obj2349
test	True	obj2359
test	True	obj2360
test	True	obj2367
test	True	obj2369
test	True	obj2379
test	True	obj2395
test	True	obj2400
test	True	obj2405
test	True	obj2408
test	True	obj2413
test	True	obj2420
test	True	obj2433
test	True	obj2440
test	True	obj2450
test	True	obj2456
test	True	obj2462
test	True	obj2463
test	True	obj2466
test	True	obj2473
test	True	obj2482
test	True	obj2488
test	True	obj2493
test	True	obj2497
test	True	obj2509
test	True	obj2518
test	True	obj2522
test	True	obj2541
test	True	obj2543
test	True	obj2553
test	True	obj2562
test	True	obj2564
test	True	obj2578
test	True	obj2583
test	True	obj2600
test	True	obj2603
test	True	obj2611
test	True	obj2612
test	True	obj2613
test	True	obj2618
test	True	obj2621
test	True	obj2629
test	True	obj2632
test	True	obj2634
test	True	obj2636
test	True	obj2637
test	True	obj2654
test	True	obj2656
test	True	obj2660
test	True	obj2670
test	True	obj2679
test	True	obj2692
test	True	obj2702
test	True	obj2705
test	True	obj2706
test	True	obj2712
test	True	obj2716
test	True	obj2717
test	True	obj2722
test	True	obj2732
test	True	obj2739
test	True	obj2749
test	True	obj2756
test	True	obj2759
test	True	obj2772
test	True	obj2792
test	True	obj2795
test	True	obj2811
test	True	obj2815
test	True	obj2816
test	True	obj2819
test	True	obj2826
test	True	obj2842
test	True	obj2844
test	True	obj2874
test	True	obj2876
test	True	obj2877
test	True	obj2881
test	True	obj2884
test	True	obj2900
test	True	obj2902
test	True	obj2905
test	True	obj2913
test	True	obj2917
test	True	obj2933
test	True	obj2936
test	True	obj2945
test	True	obj293
test	True	obj294
test	True	obj296
test	True	obj298
test	True	obj299
test	True	obj301
test	True	obj302
test	True	obj307
test	True	obj309
test	True	obj310
test	True	obj311
test	True	obj312
test	True	obj316
test	True	obj318
test	True	obj320
test	True	obj321
test	True	obj322
test	True	obj323
test	True	obj2951
test	True	obj2952
test	True	obj2953
test	True	obj2954
test	True	obj2955
test	True	obj2956
test	True	obj2957
test	True	obj2958
test	True	obj2959
test	True	obj2960
test	True	obj2961
test	True	obj2963
test	True	obj2964
test	True	obj2965
test	True	obj2966
test	True	obj2968
test	True	obj2969
test	True	obj2971
test	True	obj2973
test	True	obj2974
test	True	obj2975
test	True	obj2976
test	True	obj2980
test	True	obj2985
test	True	obj2988
test	True	obj2989
test	True	obj2990
test	True	obj2991
test	True	obj2992
test	True	obj2997
test	True	obj2998
test	True	obj2999
test	True	obj3002
test	True	obj3004
test	True	obj3005
test	True	obj3007
test	True	obj3008
test	True	obj3010
test	True	obj3011
test	True	obj3015
test	True	obj3016
test	True	obj3017
test	True	obj3018
test	True	obj3019
test	True	obj3021
test	True	obj3022
test	True	obj3023
test	True	obj3026
test	True	obj3028
test	True	obj3029
test	True	obj3032
test	True	obj3033
test	True	obj3036
test	True	obj3040
test	True	obj3041
test	True	obj3042
test	True	obj3048
test	True	obj3049
test	True	obj3051
test	True	obj3052
test	True	obj3054
test	True	obj3055
test	True	obj3058
test	True	obj3060
test	True	obj3061
test	True	obj3062
test	True	obj3068
test	True	obj3069
test	True	obj3073
test	True	obj3074
test	True	obj3077
test	True	obj3081
test	True	obj3085
test	True	obj3087
test	True	obj3088
test	True	obj3090
test	True	obj3092
test	True	obj3096
test	True	obj3097
test	True	obj3098
test	True	obj3099
test	True	obj3101
test	True	obj3103
test	True	obj3104
test	True	obj3106
test	True	obj3108
test	True	obj3111
test	True	obj3112
test	True	obj3113
test	True	obj3114
test	True	obj3115
test	True	obj3118
test	True	obj3122
test	True	obj3123
test	True	obj3125
test	True	obj3129
test	True	obj3130
test	True	obj3134
test	True	obj3135
test	True	obj3137
test	True	obj3138
test	True	obj3147
test	True	obj3151
test	True	obj3152
test	True	obj3153
test	True	obj3156
test	True	obj3158
test	True	obj3161
test	True	obj3162
test	True	obj3163
test	True	obj3165
test	True	obj3166
test	True	obj3168
test	True	obj3169
test	True	obj3170
test	True	obj3173
test	True	obj3175
test	True	obj3180
test	True	obj3183
test	True	obj3190
test	True	obj3191
test	True	obj3193
test	True	obj3196
test	True	obj3198
test	True	obj3200
test	True	obj3206
test	True	obj3207
test	True	obj3213
test	True	obj3215
test	True	obj3216
test	True	obj3217
test	True	obj3218
test	True	obj3219
test	True	obj3220
test	True	obj3221
test	True	obj3222
test	True	obj3224
test	True	obj3227
test	True	obj3230
